Date,BTC-USD,GLD,SPY,^VIX
2018-10-01,6589.6201171875,112.56999969482422,260.83941650390625,12.0
2018-10-02,6556.10009765625,113.87000274658203,260.6875,12.050000190734863
2018-10-03,6502.58984375,113.41999816894531,260.8304748535156,11.609999656677246
2018-10-04,6576.68994140625,113.4800033569336,258.7919616699219,14.220000267028809
2018-10-05,6622.47998046875,113.80000305175781,257.34344482421875,14.819999694824219
2018-10-06,6588.31005859375,113.80000305175781,257.34344482421875,14.819999694824219
2018-10-07,6602.9501953125,113.80000305175781,257.34344482421875,14.819999694824219
2018-10-08,6652.22998046875,112.54000091552734,257.34344482421875,15.6899995803833
2018-10-09,6642.64013671875,112.5999984741211,256.9679260253906,15.949999809265137
2018-10-10,6585.52978515625,112.87999725341797,248.8314971923828,22.959999084472656
2018-10-11,6256.240234375,115.77999877929688,243.3506622314453,24.979999542236328
2018-10-12,6274.580078125,115.2300033569336,246.7304229736328,21.309999465942383
2018-10-13,6285.990234375,115.2300033569336,246.7304229736328,21.309999465942383
2018-10-14,6290.93017578125,115.2300033569336,246.7304229736328,21.309999465942383
2018-10-15,6596.5400390625,116.0,245.34445190429688,21.299999237060547
2018-10-16,6596.10986328125,115.80000305175781,250.7091064453125,17.6200008392334
2018-10-17,6544.43017578125,115.79000091552734,250.7538604736328,17.399999618530273
2018-10-18,6476.7099609375,115.91999816894531,247.1326904296875,20.059999465942383
2018-10-19,6465.41015625,116.01000213623047,246.9985809326172,19.889999389648438
2018-10-20,6489.18994140625,116.01000213623047,246.9985809326172,19.889999389648438
2018-10-21,6482.35009765625,116.01000213623047,246.9985809326172,19.889999389648438
2018-10-22,6487.16015625,115.70999908447266,245.889892578125,19.639999389648438
2018-10-23,6475.740234375,116.38999938964844,244.6381378173828,20.709999084472656
2018-10-24,6495.83984375,116.66000366210938,237.22596740722656,25.229999542236328
2018-10-25,6476.2900390625,116.4000015258789,241.48187255859375,24.219999313354492
2018-10-26,6474.75,116.7699966430664,237.2349090576172,24.15999984741211
2018-10-27,6480.3798828125,116.7699966430664,237.2349090576172,24.15999984741211
2018-10-28,6486.39013671875,116.7699966430664,237.2349090576172,24.15999984741211
2018-10-29,6332.6298828125,116.30999755859375,235.9205322265625,24.700000762939453
2018-10-30,6334.27001953125,115.80000305175781,239.4165496826172,23.350000381469727
2018-10-31,6317.60986328125,115.1500015258789,241.97369384765625,21.229999542236328
2018-11-01,6377.77978515625,116.62999725341797,244.54873657226562,19.34000015258789
2018-11-02,6388.43994140625,116.6500015258789,243.1002655029297,19.510000228881836
2018-11-03,6361.259765625,116.6500015258789,243.1002655029297,19.510000228881836
2018-11-04,6376.1298828125,116.6500015258789,243.1002655029297,19.510000228881836
2018-11-05,6419.66015625,116.37000274658203,244.44140625,19.959999084472656
2018-11-06,6461.009765625,116.04000091552734,245.98818969726562,19.90999984741211
2018-11-07,6530.14013671875,116.02999877929688,251.2545928955078,16.360000610351562
2018-11-08,6453.72021484375,115.77999877929688,250.79856872558594,16.719999313354492
2018-11-09,6385.6201171875,114.4800033569336,248.3486328125,17.360000610351562
2018-11-10,6409.22021484375,114.4800033569336,248.3486328125,17.360000610351562
2018-11-11,6411.27001953125,114.4800033569336,248.3486328125,17.360000610351562
2018-11-12,6371.27001953125,113.66000366210938,243.708251953125,20.450000762939453
2018-11-13,6359.490234375,113.69999694824219,243.25222778320312,20.020000457763672
2018-11-14,5738.35009765625,114.63999938964844,241.58920288085938,21.25
2018-11-15,5648.02978515625,114.7699966430664,244.1105194091797,19.979999542236328
2018-11-16,5575.5498046875,115.62000274658203,244.74545288085938,18.139999389648438
2018-11-17,5554.330078125,115.62000274658203,244.74545288085938,18.139999389648438
2018-11-18,5623.5400390625,115.62000274658203,244.74545288085938,18.139999389648438
2018-11-19,4871.490234375,115.66999816894531,240.60565185546875,20.100000381469727
2018-11-20,4451.8701171875,115.66999816894531,236.15298461914062,22.479999542236328
2018-11-21,4602.169921875,115.86000061035156,236.95767211914062,20.799999237060547
2018-11-22,4365.93994140625,115.86000061035156,236.95767211914062,20.799999237060547
2018-11-23,4347.10986328125,115.7699966430664,235.37515258789062,21.520000457763672
2018-11-24,3880.760009765625,115.7699966430664,235.37515258789062,21.520000457763672
2018-11-25,4009.969970703125,115.7699966430664,235.37515258789062,21.520000457763672
2018-11-26,3779.1298828125,115.63999938964844,239.1750946044922,18.899999618530273
2018-11-27,3820.719970703125,114.94999694824219,239.979736328125,19.020000457763672
2018-11-28,4257.419921875,115.37999725341797,245.50538635253906,18.489999771118164
2018-11-29,4278.8466796875,115.73999786376953,244.96893310546875,18.790000915527344
2018-11-30,4017.2685546875,115.54000091552734,246.46205139160156,18.06999969482422
2018-12-01,4214.671875,115.54000091552734,246.46205139160156,18.06999969482422
2018-12-02,4139.8779296875,115.54000091552734,246.46205139160156,18.06999969482422
2018-12-03,3894.130859375,116.41000366210938,249.72561645507812,16.440000534057617
2018-12-04,3956.893798828125,117.12000274658203,241.6339111328125,20.739999771118164
2018-12-05,3753.994873046875,117.12000274658203,241.6339111328125,20.739999771118164
2018-12-06,3521.101806640625,117.13999938964844,241.26730346679688,21.190000534057617
2018-12-07,3419.937255859375,118.08999633789062,235.6613006591797,23.229999542236328
2018-12-08,3476.11474609375,118.08999633789062,235.6613006591797,23.229999542236328
2018-12-09,3614.234375,118.08999633789062,235.6613006591797,23.229999542236328
2018-12-10,3502.656005859375,117.68000030517578,236.10829162597656,22.639999389648438
2018-12-11,3424.588134765625,117.54000091552734,236.16197204589844,21.760000228881836
2018-12-12,3486.9501953125,117.79000091552734,237.35108947753906,21.459999084472656
2018-12-13,3313.67724609375,117.52999877929688,237.27061462402344,20.649999618530273
2018-12-14,3242.48486328125,117.05999755859375,232.8894805908203,21.6299991607666
2018-12-15,3236.76171875,117.05999755859375,232.8894805908203,21.6299991607666
2018-12-16,3252.839111328125,117.05999755859375,232.8894805908203,21.6299991607666
2018-12-17,3545.86474609375,117.87000274658203,228.32058715820312,24.520000457763672
2018-12-18,3696.05908203125,118.1500015258789,228.0702362060547,25.579999923706055
2018-12-19,3745.95068359375,117.43000030517578,224.65472412109375,25.579999923706055
2018-12-20,4134.44140625,119.23999786376953,220.997802734375,28.3799991607666
2018-12-21,3896.543701171875,118.72000122070312,216.46963500976562,30.110000610351562
2018-12-22,4014.1826171875,118.72000122070312,216.46963500976562,30.110000610351562
2018-12-23,3998.980224609375,118.72000122070312,216.46963500976562,30.110000610351562
2018-12-24,4078.59912109375,120.0199966430664,210.74986267089844,36.06999969482422
2018-12-25,3815.49072265625,120.0199966430664,210.74986267089844,36.06999969482422
2018-12-26,3857.297607421875,119.66000366210938,221.39794921875,30.40999984741211
2018-12-27,3654.83349609375,120.56999969482422,223.09774780273438,29.959999084472656
2018-12-28,3923.918701171875,121.05999755859375,222.80995178222656,28.34000015258789
2018-12-29,3820.40869140625,121.05999755859375,222.80995178222656,28.34000015258789
2018-12-30,3865.95263671875,121.05999755859375,222.80995178222656,28.34000015258789
2018-12-31,3742.700439453125,121.25,224.76145935058594,25.420000076293945
2019-01-01,3843.52001953125,121.25,224.76145935058594,25.420000076293945
2019-01-02,3943.409423828125,121.33000183105469,224.99533081054688,23.219999313354492
2019-01-03,3836.7412109375,122.43000030517578,219.6262969970703,25.450000762939453
2019-01-04,3857.717529296875,121.44000244140625,226.98284912109375,21.3799991607666
2019-01-05,3845.194580078125,121.44000244140625,226.98284912109375,21.3799991607666
2019-01-06,4076.632568359375,121.44000244140625,226.98284912109375,21.3799991607666
2019-01-07,4025.248291015625,121.86000061035156,228.7725372314453,21.399999618530273
2019-01-08,4030.847900390625,121.52999877929688,230.92190551757812,20.469999313354492
2019-01-09,4035.29638671875,122.30999755859375,232.0011444091797,19.979999542236328
2019-01-10,3678.924560546875,121.58999633789062,232.81956481933594,19.5
2019-01-11,3687.365478515625,121.80000305175781,232.90948486328125,18.190000534057617
2019-01-12,3661.301025390625,121.80000305175781,232.90948486328125,18.190000534057617
2019-01-13,3552.953125,121.80000305175781,232.90948486328125,18.190000534057617
2019-01-14,3706.05224609375,122.08999633789062,231.488525390625,19.06999969482422
2019-01-15,3630.67529296875,121.87999725341797,234.14158630371094,18.600000381469727
2019-01-16,3655.0068359375,122.2699966430664,234.70814514160156,19.040000915527344
2019-01-17,3678.56396484375,122.11000061035156,236.48880004882812,18.059999465942383
2019-01-18,3657.83935546875,121.0199966430664,239.63653564453125,17.799999237060547
2019-01-19,3728.568359375,121.0199966430664,239.63653564453125,17.799999237060547
2019-01-20,3601.013671875,121.0199966430664,239.63653564453125,17.799999237060547
2019-01-21,3576.032470703125,121.0199966430664,239.63653564453125,17.799999237060547
2019-01-22,3604.5771484375,121.44999694824219,236.3988037109375,20.799999237060547
2019-01-23,3585.123046875,121.27999877929688,236.8935546875,19.520000457763672
2019-01-24,3600.865478515625,121.08999633789062,237.01939392089844,18.889999389648438
2019-01-25,3599.765869140625,122.86000061035156,239.02491760253906,17.420000076293945
2019-01-26,3602.46044921875,122.86000061035156,239.02491760253906,17.420000076293945
2019-01-27,3583.9658203125,122.86000061035156,239.02491760253906,17.420000076293945
2019-01-28,3470.450439453125,123.29000091552734,237.20828247070312,18.8700008392334
2019-01-29,3448.116943359375,123.9800033569336,236.8935546875,19.1299991607666
2019-01-30,3486.181640625,124.69000244140625,240.64373779296875,17.65999984741211
2019-01-31,3457.792724609375,124.75,242.75714111328125,16.56999969482422
2019-02-01,3487.9453125,124.5,242.8740997314453,16.139999389648438
2019-02-02,3521.060791015625,124.5,242.8740997314453,16.139999389648438
2019-02-03,3464.013427734375,124.5,242.8740997314453,16.139999389648438
2019-02-04,3459.154052734375,123.95999908447266,244.58277893066406,15.729999542236328
2019-02-05,3466.357421875,124.27999877929688,245.60804748535156,15.569999694824219
2019-02-06,3413.767822265625,123.44000244140625,245.2842559814453,15.380000114440918
2019-02-07,3399.4716796875,123.73999786376953,242.946044921875,16.3700008392334
2019-02-08,3666.7802734375,124.20999908447266,243.24282836914062,15.720000267028809
2019-02-09,3671.20361328125,124.20999908447266,243.24282836914062,15.720000267028809
2019-02-10,3690.188232421875,124.20999908447266,243.24282836914062,15.720000267028809
2019-02-11,3648.4306640625,123.5999984741211,243.37774658203125,15.970000267028809
2019-02-12,3653.528564453125,123.86000061035156,246.5074005126953,15.430000305175781
2019-02-13,3632.070556640625,123.37000274658203,247.307861328125,15.649999618530273
2019-02-14,3616.880859375,124.05999755859375,246.7592315673828,16.219999313354492
2019-02-15,3620.810791015625,124.80000305175781,249.4482421875,14.90999984741211
2019-02-16,3629.78759765625,124.80000305175781,249.4482421875,14.90999984741211
2019-02-17,3673.836181640625,124.80000305175781,249.4482421875,14.90999984741211
2019-02-18,3915.71435546875,124.80000305175781,249.4482421875,14.90999984741211
2019-02-19,3947.094482421875,126.69999694824219,249.8798370361328,14.880000114440918
2019-02-20,3999.820556640625,126.4800033569336,250.383544921875,14.020000457763672
2019-02-21,3954.1181640625,125.05000305175781,249.49325561523438,14.460000038146973
2019-02-22,4005.526611328125,125.5,251.04010009765625,13.510000228881836
2019-02-23,4142.52685546875,125.5,251.04010009765625,13.510000228881836
2019-02-24,3810.427490234375,125.5,251.04010009765625,13.510000228881836
2019-02-25,3882.6962890625,125.37000274658203,251.38172912597656,14.850000381469727
2019-02-26,3854.35791015625,125.58000183105469,251.201904296875,15.170000076293945
2019-02-27,3851.04736328125,124.69000244140625,251.0940399169922,14.699999809265137
2019-02-28,3854.785400390625,123.98999786376953,250.62625122070312,14.779999732971191
2019-03-01,3859.583740234375,121.87999725341797,252.19110107421875,13.569999694824219
2019-03-02,3864.4150390625,121.87999725341797,252.19110107421875,13.569999694824219
2019-03-03,3847.17578125,121.87999725341797,252.19110107421875,13.569999694824219
2019-03-04,3761.55712890625,121.55999755859375,251.27371215820312,14.630000114440918
2019-03-05,3896.375,121.72000122070312,250.93209838867188,14.739999771118164
2019-03-06,3903.942626953125,121.61000061035156,249.41220092773438,15.739999771118164
2019-03-07,3911.484375,121.51000213623047,247.32577514648438,16.59000015258789
2019-03-08,3901.131591796875,122.83999633789062,246.83102416992188,16.049999237060547
2019-03-09,3963.313720703125,122.83999633789062,246.83102416992188,16.049999237060547
2019-03-10,3951.599853515625,122.83999633789062,246.83102416992188,16.049999237060547
2019-03-11,3905.227294921875,122.23999786376953,250.41049194335938,14.329999923706055
2019-03-12,3909.15625,122.9800033569336,251.3547821044922,13.770000457763672
2019-03-13,3906.71728515625,123.83999633789062,253.01856994628906,13.40999984741211
2019-03-14,3924.369140625,122.41000366210938,252.856689453125,13.5
2019-03-15,3960.9111328125,122.97000122070312,254.10595703125,12.880000114440918
2019-03-16,4048.725830078125,122.97000122070312,254.10595703125,12.880000114440918
2019-03-17,4025.22900390625,122.97000122070312,254.10595703125,12.880000114440918
2019-03-18,4032.50732421875,123.04000091552734,255.02725219726562,13.100000381469727
2019-03-19,4071.190185546875,123.37999725341797,255.09051513671875,13.5600004196167
2019-03-20,4087.476318359375,124.18000030517578,254.32269287109375,13.90999984741211
2019-03-21,4029.326904296875,123.68000030517578,257.1953125,13.630000114440918
2019-03-22,4023.96826171875,123.97000122070312,252.24517822265625,16.479999542236328
2019-03-23,4035.826416015625,123.97000122070312,252.24517822265625,16.479999542236328
2019-03-24,4022.168212890625,123.97000122070312,252.24517822265625,16.479999542236328
2019-03-25,3963.070556640625,124.91999816894531,252.05552673339844,16.329999923706055
2019-03-26,3985.080810546875,124.30000305175781,253.93435668945312,14.680000305175781
2019-03-27,4087.066162109375,123.6500015258789,252.6063995361328,15.149999618530273
2019-03-28,4069.107177734375,121.9000015258789,253.56398010253906,14.430000305175781
2019-03-29,4098.37451171875,122.01000213623047,255.1629180908203,13.710000038146973
2019-03-30,4106.66015625,122.01000213623047,255.1629180908203,13.710000038146973
2019-03-31,4105.404296875,122.01000213623047,255.1629180908203,13.710000038146973
2019-04-01,4158.18310546875,121.52999877929688,258.1888122558594,13.399999618530273
2019-04-02,4879.8779296875,121.9800033569336,258.3152770996094,13.359999656677246
2019-04-03,4973.02197265625,121.80000305175781,258.7217712402344,13.739999771118164
2019-04-04,4922.798828125,122.11000061035156,259.4082946777344,13.579999923706055
2019-04-05,5036.68115234375,121.9800033569336,260.66387939453125,12.819999694824219
2019-04-06,5059.8173828125,121.9800033569336,260.66387939453125,12.819999694824219
2019-04-07,5198.89697265625,121.9800033569336,260.66387939453125,12.819999694824219
2019-04-08,5289.77099609375,122.51000213623047,260.8626708984375,13.180000305175781
2019-04-09,5204.95849609375,123.1500015258789,259.52569580078125,14.279999732971191
2019-04-10,5324.5517578125,123.52999877929688,260.41094970703125,13.300000190734863
2019-04-11,5064.48779296875,121.94999694824219,260.33868408203125,13.020000457763672
2019-04-12,5089.5390625,121.83000183105469,262.10009765625,12.010000228881836
2019-04-13,5096.58642578125,121.83000183105469,262.10009765625,12.010000228881836
2019-04-14,5167.72216796875,121.83000183105469,262.10009765625,12.010000228881836
2019-04-15,5067.1083984375,121.5999984741211,261.928466796875,12.319999694824219
2019-04-16,5235.5595703125,120.51000213623047,262.10009765625,12.180000305175781
2019-04-17,5251.93798828125,120.27999877929688,261.4587097167969,12.600000381469727
2019-04-18,5298.3857421875,120.37000274658203,261.9736022949219,12.09000015258789
2019-04-19,5303.8125,120.37000274658203,261.9736022949219,12.09000015258789
2019-04-20,5337.88623046875,120.37000274658203,261.9736022949219,12.09000015258789
2019-04-21,5314.53125,120.37000274658203,261.9736022949219,12.09000015258789
2019-04-22,5399.365234375,120.37000274658203,262.1994934082031,12.420000076293945
2019-04-23,5572.3623046875,120.12000274658203,264.5570983886719,12.279999732971191
2019-04-24,5464.86669921875,120.47000122070312,263.9698791503906,13.140000343322754
2019-04-25,5210.515625,120.56999969482422,263.8073425292969,13.25
2019-04-26,5279.34814453125,121.37000274658203,265.0358581542969,12.729999542236328
2019-04-27,5268.291015625,121.37000274658203,265.0358581542969,12.729999542236328
2019-04-28,5285.13916015625,121.37000274658203,265.0358581542969,12.729999542236328
2019-04-29,5247.3525390625,120.83000183105469,265.4513244628906,13.109999656677246
2019-04-30,5350.7265625,121.19999694824219,265.58685302734375,13.119999885559082
2019-05-01,5402.697265625,120.4000015258789,263.59063720703125,14.800000190734863
2019-05-02,5505.28369140625,119.94000244140625,263.021484375,14.420000076293945
2019-05-03,5768.28955078125,120.6500015258789,265.5958557128906,12.869999885559082
2019-05-04,5831.16748046875,120.6500015258789,265.5958557128906,12.869999885559082
2019-05-05,5795.70849609375,120.6500015258789,265.5958557128906,12.869999885559082
2019-05-06,5746.80712890625,120.80999755859375,264.5028076171875,15.4399995803833
2019-05-07,5829.50146484375,121.20999908447266,260.08575439453125,19.31999969482422
2019-05-08,5982.45751953125,120.91000366210938,259.7243957519531,19.399999618530273
2019-05-09,6174.52880859375,121.19999694824219,258.9385681152344,19.100000381469727
2019-05-10,6378.84912109375,121.43000030517578,260.2392883300781,16.040000915527344
2019-05-11,7204.771484375,121.43000030517578,260.2392883300781,16.040000915527344
2019-05-12,6972.37158203125,121.43000030517578,260.2392883300781,16.040000915527344
2019-05-13,7814.9150390625,122.66999816894531,253.69940185546875,20.549999237060547
2019-05-14,7994.416015625,122.45999908447266,255.99386596679688,18.059999465942383
2019-05-15,8205.16796875,122.38999938964844,257.4932861328125,16.440000534057617
2019-05-16,7884.9091796875,121.51000213623047,259.8780517578125,15.289999961853027
2019-05-17,7343.8955078125,120.6500015258789,258.1978454589844,15.960000038146973
2019-05-18,7271.2080078125,120.6500015258789,258.1978454589844,15.960000038146973
2019-05-19,8197.689453125,120.6500015258789,258.1978454589844,15.960000038146973
2019-05-20,7978.30908203125,120.63999938964844,256.4906311035156,16.309999465942383
2019-05-21,7963.32763671875,120.36000061035156,258.8030700683594,14.949999809265137
2019-05-22,7680.06640625,120.23999786376953,258.0081481933594,14.75
2019-05-23,7881.8466796875,121.16999816894531,254.8556671142578,16.920000076293945
2019-05-24,7987.37158203125,121.30000305175781,255.4337921142578,15.850000381469727
2019-05-25,8052.5439453125,121.30000305175781,255.4337921142578,15.850000381469727
2019-05-26,8673.2158203125,121.30000305175781,255.4337921142578,15.850000381469727
2019-05-27,8805.7783203125,121.30000305175781,255.4337921142578,15.850000381469727
2019-05-28,8719.9619140625,120.83000183105469,253.0581512451172,17.5
2019-05-29,8659.4873046875,120.87000274658203,251.35987854003906,17.899999618530273
2019-05-30,8319.47265625,121.69000244140625,252.0464324951172,17.299999237060547
2019-05-31,8574.501953125,123.33000183105469,248.64999389648438,18.709999084472656
2019-06-01,8564.0166015625,123.33000183105469,248.64999389648438,18.709999084472656
2019-06-02,8742.9580078125,123.33000183105469,248.64999389648438,18.709999084472656
2019-06-03,8208.9951171875,125.11000061035156,248.01776123046875,18.860000610351562
2019-06-04,7707.77099609375,125.1500015258789,253.40142822265625,16.969999313354492
2019-06-05,7824.2314453125,125.47000122070312,255.596435546875,16.09000015258789
2019-06-06,7822.0234375,125.87999725341797,257.2584533691406,15.930000305175781
2019-06-07,8043.951171875,126.58999633789062,259.83282470703125,16.299999237060547
2019-06-08,7954.1279296875,126.58999633789062,259.83282470703125,16.299999237060547
2019-06-09,7688.0771484375,126.58999633789062,259.83282470703125,16.299999237060547
2019-06-10,8000.32958984375,125.33000183105469,261.025146484375,15.9399995803833
2019-06-11,7927.71435546875,125.18000030517578,260.96185302734375,15.989999771118164
2019-06-12,8145.857421875,125.83000183105469,260.5013122558594,15.90999984741211
2019-06-13,8230.923828125,126.5999984741211,261.57623291015625,15.819999694824219
2019-06-14,8693.8330078125,126.55999755859375,261.2872009277344,15.279999732971191
2019-06-15,8838.375,126.55999755859375,261.2872009277344,15.279999732971191
2019-06-16,8994.48828125,126.55999755859375,261.2872009277344,15.279999732971191
2019-06-17,9320.3525390625,126.4800033569336,261.38653564453125,15.350000381469727
2019-06-18,9081.7626953125,127.12000274658203,264.1234436035156,15.149999618530273
2019-06-19,9273.521484375,127.88999938964844,264.71966552734375,14.329999923706055
2019-06-20,9527.16015625,131.11000061035156,267.2489318847656,14.75
2019-06-21,10144.556640625,131.97999572753906,266.8604431152344,15.399999618530273
2019-06-22,10701.69140625,131.97999572753906,266.8604431152344,15.399999618530273
2019-06-23,10855.37109375,131.97999572753906,266.8604431152344,15.399999618530273
2019-06-24,11011.1025390625,133.94000244140625,266.5337219238281,15.260000228881836
2019-06-25,11790.9169921875,134.1999969482422,263.91949462890625,16.280000686645508
2019-06-26,13016.2314453125,132.97000122070312,263.65631103515625,16.209999084472656
2019-06-27,11182.806640625,132.83999633789062,264.5912170410156,15.819999694824219
2019-06-28,12407.33203125,133.1999969482422,265.9527282714844,15.079999923706055
2019-06-29,11959.37109375,133.1999969482422,265.9527282714844,15.079999923706055
2019-06-30,10817.1552734375,133.1999969482422,265.9527282714844,15.079999923706055
2019-07-01,10583.134765625,130.6199951171875,268.3671569824219,14.0600004196167
2019-07-02,10801.677734375,133.41000366210938,269.0660705566406,12.930000305175781
2019-07-03,11961.26953125,133.6300048828125,271.21728515625,12.569999694824219
2019-07-04,11215.4375,133.6300048828125,271.21728515625,12.569999694824219
2019-07-05,10978.4599609375,132.13999938964844,270.9086608886719,13.279999732971191
2019-07-06,11208.55078125,132.13999938964844,270.9086608886719,13.279999732971191
2019-07-07,11450.8466796875,132.13999938964844,270.9086608886719,13.279999732971191
2019-07-08,12285.9580078125,131.2899932861328,269.42010498046875,13.960000038146973
2019-07-09,12573.8125,131.75,269.7559509277344,14.09000015258789
2019-07-10,12156.5126953125,133.8300018310547,271.0447998046875,13.029999732971191
2019-07-11,11358.662109375,132.6999969482422,271.68017578125,12.930000305175781
2019-07-12,11815.986328125,133.52999877929688,272.89654541015625,12.390000343322754
2019-07-13,11392.37890625,133.52999877929688,272.89654541015625,12.390000343322754
2019-07-14,10256.05859375,133.52999877929688,272.89654541015625,12.390000343322754
2019-07-15,10895.08984375,133.52999877929688,272.9872741699219,12.680000305175781
2019-07-16,9477.6416015625,132.39999389648438,272.10687255859375,12.859999656677246
2019-07-17,9693.802734375,134.5800018310547,270.25506591796875,13.970000267028809
2019-07-18,10666.482421875,136.47999572753906,271.2445068359375,13.529999732971191
2019-07-19,10530.732421875,134.47000122070312,269.73779296875,14.449999809265137
2019-07-20,10767.1396484375,134.47000122070312,269.73779296875,14.449999809265137
2019-07-21,10599.10546875,134.47000122070312,269.73779296875,14.449999809265137
2019-07-22,10343.1064453125,134.4499969482422,270.4002990722656,13.529999732971191
2019-07-23,9900.767578125,133.69000244140625,272.3337707519531,12.609999656677246
2019-07-24,9811.92578125,134.3699951171875,273.61358642578125,12.069999694824219
2019-07-25,9911.841796875,133.4199981689453,272.3065490722656,12.739999771118164
2019-07-26,9870.3037109375,133.63999938964844,274.13092041015625,12.15999984741211
2019-07-27,9477.677734375,133.63999938964844,274.13092041015625,12.15999984741211
2019-07-28,9552.8603515625,133.63999938964844,274.13092041015625,12.15999984741211
2019-07-29,9519.1455078125,134.52999877929688,273.6318359375,12.829999923706055
2019-07-30,9607.423828125,134.97999572753906,272.9600524902344,13.9399995803833
2019-07-31,10085.6279296875,133.2100067138672,269.9737243652344,16.1200008392334
2019-08-01,10399.6689453125,136.41000366210938,267.6228332519531,17.8700008392334
2019-08-02,10518.1748046875,135.88999938964844,265.60784912109375,17.610000610351562
2019-08-03,10821.7265625,135.88999938964844,265.60784912109375,17.610000610351562
2019-08-04,10970.1845703125,135.88999938964844,265.60784912109375,17.610000610351562
2019-08-05,11805.6533203125,137.7899932861328,257.6201477050781,24.59000015258789
2019-08-06,11478.1689453125,138.91000366210938,261.2326354980469,20.170000076293945
2019-08-07,11941.96875,141.02000427246094,261.3871154785156,19.489999771118164
2019-08-08,11966.4072265625,141.72999572753906,266.5155029296875,16.90999984741211
2019-08-09,11862.9365234375,141.25999450683594,264.7001037597656,17.969999313354492
2019-08-10,11354.0244140625,141.25999450683594,264.7001037597656,17.969999313354492
2019-08-11,11523.5791015625,141.25999450683594,264.7001037597656,17.969999313354492
2019-08-12,11382.6162109375,142.6300048828125,261.4779357910156,21.09000015258789
2019-08-13,10895.830078125,141.77999877929688,265.5443115234375,17.520000457763672
2019-08-14,10051.7041015625,142.75,257.6927795410156,22.100000381469727
2019-08-15,10311.5458984375,143.6999969482422,258.3735656738281,21.18000030517578
2019-08-16,10374.3388671875,142.77999877929688,262.185791015625,18.469999313354492
2019-08-17,10231.744140625,142.77999877929688,262.185791015625,18.469999313354492
2019-08-18,10345.810546875,142.77999877929688,262.185791015625,18.469999313354492
2019-08-19,10916.0537109375,141.11000061035156,265.3445739746094,16.8799991607666
2019-08-20,10763.232421875,142.2100067138672,263.31134033203125,17.5
2019-08-21,10138.0498046875,141.75999450683594,265.45355224609375,15.800000190734863
2019-08-22,10131.0556640625,141.39999389648438,265.37176513671875,16.68000030517578
2019-08-23,10407.96484375,144.1699981689453,258.5550231933594,19.8700008392334
2019-08-24,10159.9609375,144.1699981689453,258.5550231933594,19.8700008392334
2019-08-25,10138.517578125,144.1699981689453,258.5550231933594,19.8700008392334
2019-08-26,10370.8203125,144.19000244140625,261.4142761230469,19.31999969482422
2019-08-27,10185.5,145.57000732421875,260.3885803222656,20.309999465942383
2019-08-28,9754.4228515625,145.16000366210938,262.22210693359375,19.350000381469727
2019-08-29,9510.2001953125,144.1199951171875,265.5715026855469,17.8799991607666
2019-08-30,9598.173828125,143.75,265.45355224609375,18.979999542236328
2019-08-31,9630.6640625,143.75,265.45355224609375,18.979999542236328
2019-09-01,9757.970703125,143.75,265.45355224609375,18.979999542236328
2019-09-02,10346.7607421875,143.75,265.45355224609375,18.979999542236328
2019-09-03,10623.5400390625,145.75,263.9012451171875,19.65999984741211
2019-09-04,10594.4931640625,146.66000366210938,266.8967590332031,17.329999923706055
2019-09-05,10575.533203125,143.13999938964844,270.32781982421875,16.270000457763672
2019-09-06,10353.302734375,141.9199981689453,270.53643798828125,15.0
2019-09-07,10517.2548828125,141.9199981689453,270.53643798828125,15.0
2019-09-08,10441.2763671875,141.9199981689453,270.53643798828125,15.0
2019-09-09,10334.974609375,141.38999938964844,270.67266845703125,15.270000457763672
2019-09-10,10115.9755859375,140.17999267578125,270.60919189453125,15.199999809265137
2019-09-11,10178.3720703125,141.02999877929688,272.533447265625,14.609999656677246
2019-09-12,10410.126953125,141.32000732421875,273.4773864746094,14.220000267028809
2019-09-13,10360.546875,140.14999389648438,273.2958984375,13.739999771118164
2019-09-14,10358.048828125,140.14999389648438,273.2958984375,13.739999771118164
2019-09-15,10347.712890625,140.14999389648438,273.2958984375,13.739999771118164
2019-09-16,10276.7939453125,141.32000732421875,272.4518127441406,14.670000076293945
2019-09-17,10241.2724609375,141.60000610351562,273.1416320800781,14.4399995803833
2019-09-18,10198.248046875,140.7100067138672,273.3049621582031,13.949999809265137
2019-09-19,10266.4150390625,141.27999877929688,273.2868957519531,14.050000190734863
2019-09-20,10181.6416015625,142.9499969482422,271.99560546875,15.319999694824219
2019-09-21,10019.716796875,142.9499969482422,271.99560546875,15.319999694824219
2019-09-22,10070.392578125,142.9499969482422,271.99560546875,15.319999694824219
2019-09-23,9729.32421875,143.75,271.9317626953125,14.90999984741211
2019-09-24,8620.56640625,144.50999450683594,269.79803466796875,17.049999237060547
2019-09-25,8486.9931640625,141.8300018310547,271.3937683105469,15.960000038146973
2019-09-26,8118.9677734375,141.7899932861328,270.82843017578125,16.06999969482422
2019-09-27,8251.845703125,141.05999755859375,269.369384765625,17.219999313354492
2019-09-28,8245.9150390625,141.05999755859375,269.369384765625,17.219999313354492
2019-09-29,8104.185546875,141.05999755859375,269.369384765625,17.219999313354492
2019-09-30,8293.8681640625,138.8699951171875,270.61865234375,16.239999771118164
2019-10-01,8343.2763671875,139.6300048828125,267.3997497558594,18.559999465942383
2019-10-02,8393.0419921875,141.25999450683594,262.6761474609375,20.559999465942383
2019-10-03,8259.9921875,141.89999389648438,264.82818603515625,19.1200008392334
2019-10-04,8205.939453125,141.89999389648438,268.4119567871094,17.040000915527344
2019-10-05,8151.50048828125,141.89999389648438,268.4119567871094,17.040000915527344
2019-10-06,7988.15576171875,141.89999389648438,268.4119567871094,17.040000915527344
2019-10-07,8245.623046875,140.69000244140625,267.25384521484375,17.860000610351562
2019-10-08,8228.783203125,141.9199981689453,263.1048278808594,20.280000686645508
2019-10-09,8595.740234375,142.0500030517578,265.60333251953125,18.639999389648438
2019-10-10,8586.4736328125,140.80999755859375,267.3997497558594,17.56999969482422
2019-10-11,8321.7568359375,140.02999877929688,270.171875,15.579999923706055
2019-10-12,8336.5556640625,140.02999877929688,270.171875,15.579999923706055
2019-10-13,8321.005859375,140.02999877929688,270.171875,15.579999923706055
2019-10-14,8374.6865234375,140.58999633789062,269.8709716796875,14.569999694824219
2019-10-15,8205.369140625,139.61000061035156,272.542724609375,13.539999961853027
2019-10-16,8047.52685546875,140.41000366210938,272.10504150390625,13.680000305175781
2019-10-17,8103.9111328125,140.61000061035156,272.907470703125,13.789999961853027
2019-10-18,7973.20751953125,140.4600067138672,271.71295166015625,14.25
2019-10-19,7988.560546875,140.4600067138672,271.71295166015625,14.25
2019-10-20,8222.078125,140.4600067138672,271.71295166015625,14.25
2019-10-21,8243.720703125,139.7899932861328,273.5549621582031,14.0
2019-10-22,8078.203125,140.1999969482422,272.6612854003906,14.460000038146973
2019-10-23,7514.671875,140.52999877929688,273.45465087890625,14.010000228881836
2019-10-24,7493.48876953125,141.52999877929688,273.9013366699219,13.710000038146973
2019-10-25,8660.7001953125,141.86000061035156,275.0230407714844,12.649999618530273
2019-10-26,9244.97265625,141.86000061035156,275.0230407714844,12.649999618530273
2019-10-27,9551.71484375,141.86000061035156,275.0230407714844,12.649999618530273
2019-10-28,9256.1484375,140.63999938964844,276.5732421875,13.109999656677246
2019-10-29,9427.6875,140.25,276.4910888671875,13.199999809265137
2019-10-30,9205.7265625,141.02000427246094,277.3392333984375,12.329999923706055
2019-10-31,9199.5849609375,142.42999267578125,276.6006164550781,13.220000267028809
2019-11-01,9261.1044921875,142.55999755859375,279.1629943847656,12.300000190734863
2019-11-02,9324.7177734375,142.55999755859375,279.1629943847656,12.300000190734863
2019-11-03,9235.3544921875,142.55999755859375,279.1629943847656,12.300000190734863
2019-11-04,9412.6123046875,142.14999389648438,280.2845764160156,12.829999923706055
2019-11-05,9342.52734375,139.85000610351562,279.974609375,13.100000381469727
2019-11-06,9360.8798828125,140.4499969482422,280.0383605957031,12.619999885559082
2019-11-07,9267.5615234375,138.27000427246094,281.0232238769531,12.729999542236328
2019-11-08,8804.880859375,137.38999938964844,281.71624755859375,12.069999694824219
2019-11-09,8813.58203125,137.38999938964844,281.71624755859375,12.069999694824219
2019-11-10,9055.5263671875,137.38999938964844,281.71624755859375,12.069999694824219
2019-11-11,8757.7880859375,137.05999755859375,281.17822265625,12.6899995803833
2019-11-12,8815.662109375,137.42999267578125,281.7710266113281,12.680000305175781
2019-11-13,8808.2626953125,137.97999572753906,281.86212158203125,13.0
2019-11-14,8708.0947265625,138.55999755859375,282.2724914550781,13.050000190734863
2019-11-15,8491.9921875,138.2100067138672,284.3151550292969,12.050000190734863
2019-11-16,8550.7607421875,138.2100067138672,284.3151550292969,12.050000190734863
2019-11-17,8577.9755859375,138.2100067138672,284.3151550292969,12.050000190734863
2019-11-18,8309.2861328125,138.6199951171875,284.52471923828125,12.460000038146973
2019-11-19,8206.1455078125,138.69000244140625,284.4427490234375,12.859999656677246
2019-11-20,8027.26806640625,138.75999450683594,283.385009765625,12.779999732971191
2019-11-21,7642.75,138.0,282.9291076660156,13.130000114440918
2019-11-22,7296.57763671875,137.74000549316406,283.5582580566406,12.34000015258789
2019-11-23,7397.796875,137.74000549316406,283.5582580566406,12.34000015258789
2019-11-24,7047.9169921875,137.74000549316406,283.5582580566406,12.34000015258789
2019-11-25,7146.1337890625,137.0800018310547,285.755859375,11.869999885559082
2019-11-26,7218.37109375,137.74000549316406,286.40325927734375,11.539999961853027
2019-11-27,7531.66357421875,137.00999450683594,287.679931640625,11.75
2019-11-28,7463.10595703125,137.00999450683594,287.679931640625,11.75
2019-11-29,7761.24365234375,137.86000061035156,286.6130676269531,12.619999885559082
2019-11-30,7569.6298828125,137.86000061035156,286.6130676269531,12.619999885559082
2019-12-01,7424.29248046875,137.86000061035156,286.6130676269531,12.619999885559082
2019-12-02,7321.98828125,137.7899932861328,284.17840576171875,14.90999984741211
2019-12-03,7320.1455078125,139.11000061035156,282.2724914550781,15.960000038146973
2019-12-04,7252.03466796875,138.9199981689453,284.0141906738281,14.800000190734863
2019-12-05,7448.3076171875,139.0,284.52471923828125,14.520000457763672
2019-12-06,7546.99658203125,137.6199951171875,287.1236877441406,13.619999885559082
2019-12-07,7556.23779296875,137.6199951171875,287.1236877441406,13.619999885559082
2019-12-08,7564.34521484375,137.6199951171875,287.1236877441406,13.619999885559082
2019-12-09,7400.8994140625,137.5800018310547,286.22100830078125,15.859999656677246
2019-12-10,7278.11962890625,137.97000122070312,285.9017333984375,15.680000305175781
2019-12-11,7217.42724609375,138.9199981689453,286.7133483886719,14.989999771118164
2019-12-12,7243.13427734375,138.42999267578125,289.1845397949219,13.9399995803833
2019-12-13,7269.6845703125,139.0500030517578,289.35784912109375,12.630000114440918
2019-12-14,7124.673828125,139.0500030517578,289.35784912109375,12.630000114440918
2019-12-15,7152.3017578125,139.0500030517578,289.35784912109375,12.630000114440918
2019-12-16,6932.48046875,139.0399932861328,291.345703125,12.140000343322754
2019-12-17,6640.51513671875,139.00999450683594,291.4095764160156,12.289999961853027
2019-12-18,7276.802734375,139.02000427246094,291.42779541015625,12.579999923706055
2019-12-19,7202.84423828125,139.3800048828125,292.6222839355469,12.5
2019-12-20,7218.81640625,139.52000427246094,293.9052429199219,12.510000228881836
2019-12-21,7191.15869140625,139.52000427246094,293.9052429199219,12.510000228881836
2019-12-22,7511.5888671875,139.52000427246094,293.9052429199219,12.510000228881836
2019-12-23,7355.62841796875,139.9499969482422,294.354248046875,12.609999656677246
2019-12-24,7322.5322265625,141.27000427246094,294.3634033203125,12.670000076293945
2019-12-25,7275.15576171875,141.27000427246094,294.3634033203125,12.670000076293945
2019-12-26,7238.966796875,142.3800048828125,295.930419921875,12.649999618530273
2019-12-27,7290.08837890625,142.3300018310547,295.8570556640625,13.430000305175781
2019-12-28,7317.990234375,142.3300018310547,295.8570556640625,13.430000305175781
2019-12-29,7422.65283203125,142.3300018310547,295.8570556640625,13.430000305175781
2019-12-30,7292.9951171875,142.6300048828125,294.2259521484375,14.819999694824219
2019-12-31,7193.59912109375,142.89999389648438,294.9407043457031,13.779999732971191
2020-01-01,7200.17431640625,142.89999389648438,294.9407043457031,13.779999732971191
2020-01-02,6985.47021484375,143.9499969482422,297.698974609375,12.470000267028809
2020-01-03,7344.88427734375,145.86000061035156,295.44476318359375,14.020000457763672
2020-01-04,7410.65673828125,145.86000061035156,295.44476318359375,14.020000457763672
2020-01-05,7411.3173828125,145.86000061035156,295.44476318359375,14.020000457763672
2020-01-06,7769.21923828125,147.38999938964844,296.5719299316406,13.850000381469727
2020-01-07,8163.6923828125,147.97000122070312,295.73797607421875,13.789999961853027
2020-01-08,8079.86279296875,146.86000061035156,297.31414794921875,13.449999809265137
2020-01-09,7879.0712890625,146.02999877929688,299.3301086425781,12.539999961853027
2020-01-10,8166.55419921875,146.91000366210938,298.46875,12.5600004196167
2020-01-11,8037.53759765625,146.91000366210938,298.46875,12.5600004196167
2020-01-12,8192.494140625,146.91000366210938,298.46875,12.5600004196167
2020-01-13,8144.1943359375,145.82000732421875,300.5213928222656,12.319999694824219
2020-01-14,8827.7646484375,145.69000244140625,300.063232421875,12.390000343322754
2020-01-15,8807.0107421875,146.5399932861328,300.74127197265625,12.420000076293945
2020-01-16,8723.7861328125,146.30999755859375,303.24298095703125,12.319999694824219
2020-01-17,8929.0380859375,146.5800018310547,304.1868591308594,12.100000381469727
2020-01-18,8942.80859375,146.5800018310547,304.1868591308594,12.100000381469727
2020-01-19,8706.2451171875,146.5800018310547,304.1868591308594,12.100000381469727
2020-01-20,8657.642578125,146.5800018310547,304.1868591308594,12.100000381469727
2020-01-21,8745.89453125,146.74000549316406,303.59124755859375,12.850000381469727
2020-01-22,8680.8759765625,146.7899932861328,303.6278991699219,12.90999984741211
2020-01-23,8406.515625,147.1199951171875,303.9760437011719,12.979999542236328
2020-01-24,8445.4345703125,147.97999572753906,301.27276611328125,14.5600004196167
2020-01-25,8367.84765625,147.97999572753906,301.27276611328125,14.5600004196167
2020-01-26,8596.830078125,147.97999572753906,301.27276611328125,14.5600004196167
2020-01-27,8909.8193359375,148.99000549316406,296.4435729980469,18.229999542236328
2020-01-28,9358.58984375,147.66000366210938,299.55010986328125,16.280000686645508
2020-01-29,9316.6298828125,148.4600067138672,299.3026428222656,16.389999389648438
2020-01-30,9508.9931640625,148.47000122070312,300.2739562988281,15.489999771118164
2020-01-31,9350.529296875,149.3300018310547,294.82159423828125,18.84000015258789
2020-02-01,9392.875,149.3300018310547,294.82159423828125,18.84000015258789
2020-02-02,9344.365234375,149.3300018310547,294.82159423828125,18.84000015258789
2020-02-03,9293.521484375,148.36000061035156,297.01165771484375,17.969999313354492
2020-02-04,9180.962890625,146.42999267578125,301.5384521484375,16.049999237060547
2020-02-05,9613.423828125,146.61000061035156,305.0207214355469,15.149999618530273
2020-02-06,9729.8017578125,147.39999389648438,306.047119140625,14.960000038146973
2020-02-07,9795.943359375,147.7899932861328,304.4158935546875,15.470000267028809
2020-02-08,9865.119140625,147.7899932861328,304.4158935546875,15.470000267028809
2020-02-09,10116.673828125,147.7899932861328,304.4158935546875,15.470000267028809
2020-02-10,9856.611328125,148.1699981689453,306.68841552734375,15.039999961853027
2020-02-11,10208.236328125,147.66000366210938,307.22003173828125,15.180000305175781
2020-02-12,10326.0546875,147.5399932861328,309.1993408203125,13.739999771118164
2020-02-13,10214.3798828125,148.3800048828125,308.86944580078125,14.149999618530273
2020-02-14,10312.1162109375,149.0,309.3642883300781,13.680000305175781
2020-02-15,9889.4248046875,149.0,309.3642883300781,13.680000305175781
2020-02-16,9934.43359375,149.0,309.3642883300781,13.680000305175781
2020-02-17,9690.142578125,149.0,309.3642883300781,13.680000305175781
2020-02-18,10141.99609375,150.91000366210938,308.5670471191406,14.829999923706055
2020-02-19,9633.38671875,151.7899932861328,310.0423889160156,14.380000114440918
2020-02-20,9608.4755859375,152.41000366210938,308.7686462402344,15.5600004196167
2020-02-21,9686.44140625,154.6999969482422,305.5888671875,17.079999923706055
2020-02-22,9663.181640625,154.6999969482422,305.5888671875,17.079999923706055
2020-02-23,9924.515625,154.6999969482422,305.5888671875,17.079999923706055
2020-02-24,9650.1748046875,156.08999633789062,295.4538879394531,25.030000686645508
2020-02-25,9341.705078125,153.3000030517578,286.5009765625,27.850000381469727
2020-02-26,8820.5224609375,153.97000122070312,285.4472351074219,27.559999465942383
2020-02-27,8784.494140625,154.0,272.6273498535156,39.15999984741211
2020-02-28,8672.455078125,148.3800048828125,271.4817810058594,40.11000061035156
2020-02-29,8599.5087890625,148.3800048828125,271.4817810058594,40.11000061035156
2020-03-01,8562.4541015625,148.3800048828125,271.4817810058594,40.11000061035156
2020-03-02,8869.669921875,149.1999969482422,283.2387390136719,33.41999816894531
2020-03-03,8787.7861328125,153.88999938964844,275.12896728515625,36.81999969482422
2020-03-04,8755.24609375,154.16000366210938,286.6935119628906,31.989999771118164
2020-03-05,9078.7626953125,157.49000549316406,277.16326904296875,39.619998931884766
2020-03-06,9122.5458984375,157.5500030517578,272.58154296875,41.939998626708984
2020-03-07,8909.9541015625,157.5500030517578,272.58154296875,41.939998626708984
2020-03-08,8108.1162109375,157.5500030517578,272.58154296875,41.939998626708984
2020-03-09,7923.64453125,157.80999755859375,251.29432678222656,54.459999084472656
2020-03-10,7909.7294921875,154.47999572753906,264.2974548339844,47.29999923706055
2020-03-11,7911.43017578125,153.92999267578125,251.4134521484375,53.900001525878906
2020-03-12,4970.7880859375,147.7899932861328,227.3589324951172,75.47000122070312
2020-03-13,5563.70703125,143.27999877929688,246.7950439453125,57.83000183105469
2020-03-14,5200.3662109375,143.27999877929688,246.7950439453125,57.83000183105469
2020-03-15,5392.31494140625,143.27999877929688,246.7950439453125,57.83000183105469
2020-03-16,5014.47998046875,141.63999938964844,219.789794921875,82.69000244140625
2020-03-17,5225.62939453125,143.55999755859375,231.6566619873047,75.91000366210938
2020-03-18,5238.4384765625,140.6999969482422,219.92723083496094,76.44999694824219
2020-03-19,6191.19287109375,138.0399932861328,220.39454650878906,72.0
2020-03-20,6198.7783203125,140.11000061035156,210.8968048095703,66.04000091552734
2020-03-21,6185.06640625,140.11000061035156,210.8968048095703,66.04000091552734
2020-03-22,5830.2548828125,140.11000061035156,210.8968048095703,66.04000091552734
2020-03-23,6416.31494140625,146.3000030517578,205.5045928955078,61.59000015258789
2020-03-24,6734.8037109375,153.39999389648438,224.12399291992188,61.66999816894531
2020-03-25,6681.06298828125,151.3000030517578,227.4791259765625,63.95000076293945
2020-03-26,6716.4404296875,153.24000549316406,240.7616424560547,61.0
2020-03-27,6469.79833984375,152.25,233.59036254882812,65.54000091552734
2020-03-28,6242.19384765625,152.25,233.59036254882812,65.54000091552734
2020-03-29,5922.04296875,152.25,233.59036254882812,65.54000091552734
2020-03-30,6429.841796875,152.9199981689453,241.17637634277344,57.08000183105469
2020-03-31,6438.64453125,148.0500030517578,237.58152770996094,53.540000915527344
2020-04-01,6606.7763671875,149.4499969482422,226.8892364501953,57.060001373291016
2020-04-02,6793.62451171875,151.89999389648438,232.12478637695312,50.90999984741211
2020-04-03,6733.38720703125,152.64999389648438,228.7696075439453,46.79999923706055
2020-04-04,6867.52734375,152.64999389648438,228.7696075439453,46.79999923706055
2020-04-05,6791.12939453125,152.64999389648438,228.7696075439453,46.79999923706055
2020-04-06,7271.78125,156.8800048828125,244.1352081298828,45.2400016784668
2020-04-07,7176.41455078125,156.0399932861328,244.3840789794922,46.70000076293945
2020-04-08,7334.0986328125,154.64999389648438,252.58773803710938,43.349998474121094
2020-04-09,7302.08935546875,158.69000244140625,256.43133544921875,41.66999816894531
2020-04-10,6865.4931640625,158.69000244140625,256.43133544921875,41.66999816894531
2020-04-11,6859.0830078125,158.69000244140625,256.43133544921875,41.66999816894531
2020-04-12,6971.091796875,158.69000244140625,256.43133544921875,41.66999816894531
2020-04-13,6845.03759765625,161.41000366210938,254.09014892578125,41.16999816894531
2020-04-14,6842.427734375,162.67999267578125,261.5840148925781,37.7599983215332
2020-04-15,6642.10986328125,161.85000610351562,256.0257873535156,40.84000015258789
2020-04-16,7116.80419921875,161.7100067138672,257.26092529296875,40.11000061035156
2020-04-17,7096.1845703125,158.57000732421875,264.21099853515625,38.150001525878906
2020-04-18,7257.6650390625,158.57000732421875,264.21099853515625,38.150001525878906
2020-04-19,7189.4248046875,158.57000732421875,264.21099853515625,38.150001525878906
2020-04-20,6881.95849609375,159.6999969482422,259.55609130859375,43.83000183105469
2020-04-21,6880.3232421875,158.61000061035156,251.67510986328125,45.40999984741211
2020-04-22,7117.20751953125,161.72999572753906,257.26092529296875,41.97999954223633
2020-04-23,7429.724609375,163.33999633789062,257.242431640625,41.380001068115234
2020-04-24,7550.90087890625,162.63999938964844,260.8281555175781,35.93000030517578
2020-04-25,7569.93603515625,162.63999938964844,260.8281555175781,35.93000030517578
2020-04-26,7679.8671875,162.63999938964844,260.8281555175781,35.93000030517578
2020-04-27,7795.60107421875,161.55999755859375,264.5888671875,33.290000915527344
2020-04-28,7807.05859375,160.83999633789062,263.3721618652344,33.56999969482422
2020-04-29,8801.0380859375,161.72999572753906,270.2668151855469,31.229999542236328
2020-04-30,8658.5537109375,158.8000030517578,267.75048828125,34.150001525878906
2020-05-01,8864.7666015625,159.77999877929688,260.6622619628906,37.189998626708984
2020-05-02,8988.5966796875,159.77999877929688,260.6622619628906,37.189998626708984
2020-05-03,8897.46875,159.77999877929688,260.6622619628906,37.189998626708984
2020-05-04,8912.654296875,160.33999633789062,261.3812255859375,35.970001220703125
2020-05-05,9003.0703125,161.02000427246094,263.7962341308594,33.61000061035156
2020-05-06,9268.76171875,158.9499969482422,262.0079345703125,34.119998931884766
2020-05-07,9951.5185546875,161.38999938964844,265.1695861816406,31.440000534057617
2020-05-08,9842.666015625,160.4199981689453,269.55718994140625,27.979999542236328
2020-05-09,9593.896484375,160.4199981689453,269.55718994140625,27.979999542236328
2020-05-10,8756.4306640625,160.4199981689453,269.55718994140625,27.979999542236328
2020-05-11,8601.7958984375,159.4199981689453,269.61236572265625,27.56999969482422
2020-05-12,8804.4775390625,160.0399932861328,264.23858642578125,33.040000915527344
2020-05-13,9269.9873046875,161.5800018310547,259.5653076171875,35.279998779296875
2020-05-14,9733.7216796875,163.00999450683594,262.6716003417969,32.61000061035156
2020-05-15,9328.197265625,163.92999267578125,263.87908935546875,31.889999389648438
2020-05-16,9377.013671875,163.92999267578125,263.87908935546875,31.889999389648438
2020-05-17,9670.7392578125,163.92999267578125,263.87908935546875,31.889999389648438
2020-05-18,9726.5751953125,162.69000244140625,271.9168395996094,29.299999237060547
2020-05-19,9729.0380859375,164.25999450683594,269.12396240234375,30.530000686645508
2020-05-20,9522.9814453125,164.64999389648438,273.6957702636719,27.989999771118164
2020-05-21,9081.76171875,162.25,271.8061828613281,29.530000686645508
2020-05-22,9182.5771484375,163.2100067138672,272.3223571777344,28.15999984741211
2020-05-23,9209.287109375,163.2100067138672,272.3223571777344,28.15999984741211
2020-05-24,8790.3681640625,163.2100067138672,272.3223571777344,28.15999984741211
2020-05-25,8906.9345703125,163.2100067138672,272.3223571777344,28.15999984741211
2020-05-26,8835.052734375,160.88999938964844,275.6776123046875,28.010000228881836
2020-05-27,9181.017578125,161.17999267578125,279.7793884277344,27.6200008392334
2020-05-28,9525.7509765625,161.72000122070312,279.26324462890625,28.59000015258789
2020-05-29,9439.1240234375,162.91000366210938,280.507568359375,27.510000228881836
2020-05-30,9700.4140625,162.91000366210938,280.507568359375,27.510000228881836
2020-05-31,9461.05859375,162.91000366210938,280.507568359375,27.510000228881836
2020-06-01,10167.2685546875,163.66000366210938,281.64129638671875,28.229999542236328
2020-06-02,9529.8037109375,162.60000610351562,283.9732971191406,26.84000015258789
2020-06-03,9656.7177734375,159.60000610351562,287.7525329589844,25.65999984741211
2020-06-04,9800.63671875,161.27999877929688,286.99664306640625,25.809999465942383
2020-06-05,9665.533203125,158.00999450683594,294.3522033691406,24.520000457763672
2020-06-06,9653.6796875,158.00999450683594,294.3522033691406,24.520000457763672
2020-06-07,9758.8525390625,158.00999450683594,294.3522033691406,24.520000457763672
2020-06-08,9771.4892578125,159.72000122070312,297.91021728515625,25.809999465942383
2020-06-09,9795.7001953125,161.25999450683594,295.6888427734375,27.56999969482422
2020-06-10,9870.0947265625,163.57000732421875,294.0388488769531,27.56999969482422
2020-06-11,9321.78125,162.38999938964844,277.0877990722656,40.790000915527344
2020-06-12,9480.84375,162.6199951171875,280.4061279296875,36.09000015258789
2020-06-13,9475.27734375,162.6199951171875,280.4061279296875,36.09000015258789
2020-06-14,9386.7880859375,162.6199951171875,280.4061279296875,36.09000015258789
2020-06-15,9450.7021484375,162.3300018310547,283.0239562988281,34.400001525878906
2020-06-16,9538.0244140625,162.25,288.471435546875,33.66999816894531
2020-06-17,9480.2548828125,162.55999755859375,287.2732238769531,33.470001220703125
2020-06-18,9411.8408203125,162.24000549316406,287.3838195800781,32.939998626708984
2020-06-19,9288.0185546875,164.02999877929688,285.741455078125,35.119998931884766
2020-06-20,9332.3408203125,164.02999877929688,285.741455078125,35.119998931884766
2020-06-21,9303.6298828125,164.02999877929688,285.741455078125,35.119998931884766
2020-06-22,9648.7177734375,165.08999633789062,287.57452392578125,31.770000457763672
2020-06-23,9629.658203125,166.47999572753906,288.89837646484375,31.3700008392334
2020-06-24,9313.6103515625,165.89999389648438,281.5290222167969,33.84000015258789
2020-06-25,9264.8134765625,165.8000030517578,284.54718017578125,32.220001220703125
2020-06-26,9162.91796875,166.5399932861328,277.7887268066406,34.72999954223633
2020-06-27,9045.390625,166.5399932861328,277.7887268066406,34.72999954223633
2020-06-28,9143.58203125,166.5399932861328,277.7887268066406,34.72999954223633
2020-06-29,9190.8544921875,166.6300048828125,281.8715515136719,31.780000686645508
2020-06-30,9137.9931640625,167.3699951171875,285.48211669921875,30.43000030517578
2020-07-01,9228.3251953125,166.6199951171875,287.4819030761719,28.6200008392334
2020-07-02,9123.41015625,166.97999572753906,289.0650634765625,27.68000030517578
2020-07-03,9087.3037109375,166.97999572753906,289.0650634765625,27.68000030517578
2020-07-04,9132.48828125,166.97999572753906,289.0650634765625,27.68000030517578
2020-07-05,9073.9423828125,166.97999572753906,289.0650634765625,27.68000030517578
2020-07-06,9375.474609375,167.97999572753906,293.52740478515625,27.940000534057617
2020-07-07,9252.27734375,169.0399932861328,290.5001525878906,29.43000030517578
2020-07-08,9428.3330078125,170.08999633789062,292.7220458984375,28.079999923706055
2020-07-09,9277.9677734375,169.6300048828125,291.0555725097656,29.260000228881836
2020-07-10,9278.8076171875,169.19000244140625,294.0274353027344,27.290000915527344
2020-07-11,9240.3466796875,169.19000244140625,294.0274353027344,27.290000915527344
2020-07-12,9276.5,169.19000244140625,294.0274353027344,27.290000915527344
2020-07-13,9243.6142578125,169.39999389648438,291.4814147949219,32.189998626708984
2020-07-14,9243.2138671875,170.19000244140625,295.25872802734375,29.520000457763672
2020-07-15,9192.8369140625,170.33999633789062,297.9714050292969,27.760000228881836
2020-07-16,9132.2275390625,168.72999572753906,296.989990234375,28.0
2020-07-17,9151.392578125,170.1199951171875,297.8509826660156,25.68000030517578
2020-07-18,9159.0400390625,170.1199951171875,297.8509826660156,25.68000030517578
2020-07-19,9185.8173828125,170.1199951171875,297.8509826660156,25.68000030517578
2020-07-20,9164.2314453125,170.94000244140625,300.258056640625,24.459999084472656
2020-07-21,9374.8876953125,173.0,300.89691162109375,24.84000015258789
2020-07-22,9525.36328125,175.6300048828125,302.6095886230469,24.31999969482422
2020-07-23,9581.072265625,177.17999267578125,298.9989929199219,26.079999923706055
2020-07-24,9536.892578125,178.6999969482422,297.0733337402344,25.84000015258789
2020-07-25,9677.11328125,178.6999969482422,297.0733337402344,25.84000015258789
2020-07-26,9905.1669921875,178.6999969482422,297.0733337402344,25.84000015258789
2020-07-27,10990.873046875,182.22999572753906,299.2397155761719,24.739999771118164
2020-07-28,10912.8232421875,183.75,297.341796875,25.440000534057617
2020-07-29,11100.4677734375,185.1300048828125,300.9987487792969,24.100000381469727
2020-07-30,11111.2138671875,183.75999450683594,299.9248046875,24.760000228881836
2020-07-31,11323.466796875,185.42999267578125,302.29486083984375,24.459999084472656
2020-08-01,11759.5927734375,185.42999267578125,302.29486083984375,24.459999084472656
2020-08-02,11053.6142578125,185.42999267578125,302.29486083984375,24.459999084472656
2020-08-03,11246.3486328125,185.63999938964844,304.3964538574219,24.280000686645508
2020-08-04,11205.892578125,189.58999633789062,305.57220458984375,23.760000228881836
2020-08-05,11747.0224609375,191.35000610351562,307.47015380859375,22.989999771118164
2020-08-06,11779.7734375,193.88999938964844,309.52545166015625,22.649999618530273
2020-08-07,11601.47265625,190.80999755859375,309.74761962890625,22.209999084472656
2020-08-08,11754.0458984375,190.80999755859375,309.74761962890625,22.209999084472656
2020-08-09,11675.7392578125,190.80999755859375,309.74761962890625,22.209999084472656
2020-08-10,11878.111328125,190.14999389648438,310.6734619140625,22.1299991607666
2020-08-11,11410.525390625,179.94000244140625,308.10888671875,24.030000686645508
2020-08-12,11584.9345703125,179.10000610351562,312.4046630859375,22.280000686645508
2020-08-13,11784.1376953125,183.3300018310547,311.84002685546875,22.1299991607666
2020-08-14,11768.87109375,182.5399932861328,311.8491516113281,22.049999237060547
2020-08-15,11865.6982421875,182.5399932861328,311.8491516113281,22.049999237060547
2020-08-16,11892.8037109375,182.5399932861328,311.8491516113281,22.049999237060547
2020-08-17,12254.40234375,186.5,312.83984375,21.350000381469727
2020-08-18,11991.2333984375,188.17999267578125,313.51568603515625,21.510000228881836
2020-08-19,11758.283203125,182.24000549316406,312.2103271484375,22.540000915527344
2020-08-20,11878.3720703125,183.5,313.182373046875,22.719999313354492
2020-08-21,11592.4892578125,182.02999877929688,314.29339599609375,22.540000915527344
2020-08-22,11681.8251953125,182.02999877929688,314.29339599609375,22.540000915527344
2020-08-23,11664.84765625,182.02999877929688,314.29339599609375,22.540000915527344
2020-08-24,11774.595703125,181.0,317.4781494140625,22.3700008392334
2020-08-25,11366.134765625,181.22000122070312,318.589111328125,22.030000686645508
2020-08-26,11488.36328125,183.36000061035156,321.7831115722656,23.270000457763672
2020-08-27,11323.3974609375,181.24000549316406,322.4867248535156,24.469999313354492
2020-08-28,11542.5,184.38999938964844,324.56976318359375,22.959999084472656
2020-08-29,11506.865234375,184.38999938964844,324.56976318359375,22.959999084472656
2020-08-30,11711.505859375,184.38999938964844,324.56976318359375,22.959999084472656
2020-08-31,11680.8203125,184.8300018310547,323.39398193359375,26.40999984741211
2020-09-01,11970.478515625,185.0500030517578,326.4399719238281,26.1200008392334
2020-09-02,11414.0341796875,182.6199951171875,331.1615905761719,26.56999969482422
2020-09-03,10245.296875,181.13999938964844,319.764892578125,33.599998474121094
2020-09-04,10511.8134765625,181.63999938964844,317.1540832519531,30.75
2020-09-05,10169.5673828125,181.63999938964844,317.1540832519531,30.75
2020-09-06,10280.3515625,181.63999938964844,317.1540832519531,30.75
2020-09-07,10369.5634765625,181.63999938964844,317.1540832519531,30.75
2020-09-08,10131.5166015625,181.2899932861328,308.488525390625,31.459999084472656
2020-09-09,10242.34765625,183.0500030517578,314.5803527832031,28.809999465942383
2020-09-10,10363.138671875,182.4600067138672,309.11810302734375,29.709999084472656
2020-09-11,10400.9150390625,182.4499969482422,309.27545166015625,26.8700008392334
2020-09-12,10442.1708984375,182.4499969482422,309.27545166015625,26.8700008392334
2020-09-13,10323.755859375,182.4499969482422,309.27545166015625,26.8700008392334
2020-09-14,10680.837890625,183.88999938964844,313.34893798828125,25.850000381469727
2020-09-15,10796.951171875,183.4499969482422,314.9321594238281,25.59000015258789
2020-09-16,10974.9052734375,183.97000122070312,313.6822814941406,26.040000915527344
2020-09-17,10948.990234375,182.9600067138672,310.9233703613281,26.459999084472656
2020-09-18,10944.5859375,183.1999969482422,307.3438720703125,25.829999923706055
2020-09-19,11094.3466796875,183.1999969482422,307.3438720703125,25.829999923706055
2020-09-20,10938.271484375,183.1999969482422,307.3438720703125,25.829999923706055
2020-09-21,10462.259765625,179.52000427246094,303.9232482910156,27.780000686645508
2020-09-22,10538.4599609375,178.64999389648438,307.0184326171875,26.860000610351562
2020-09-23,10246.1865234375,174.7899932861328,299.8984375,28.579999923706055
2020-09-24,10760.06640625,175.44000244140625,300.6978454589844,28.510000228881836
2020-09-25,10692.716796875,174.94000244140625,305.5591735839844,26.3799991607666
2020-09-26,10750.7236328125,174.94000244140625,305.5591735839844,26.3799991607666
2020-09-27,10775.26953125,174.94000244140625,305.5591735839844,26.3799991607666
2020-09-28,10709.65234375,176.6999969482422,310.6343688964844,26.190000534057617
2020-09-29,10844.640625,178.19000244140625,308.9425354003906,26.270000457763672
2020-09-30,10784.4912109375,177.1199951171875,311.2850036621094,26.3700008392334
2020-10-01,10619.4521484375,178.6999969482422,313.28338623046875,26.700000762939453
2020-10-02,10575.974609375,178.5399932861328,310.30902099609375,27.6299991607666
2020-10-03,10549.3291015625,178.5399932861328,310.30902099609375,27.6299991607666
2020-10-04,10669.5830078125,178.5399932861328,310.30902099609375,27.6299991607666
2020-10-05,10793.33984375,179.41000366210938,315.8116760253906,27.959999084472656
2020-10-06,10604.40625,177.3000030517578,311.3221435546875,29.479999542236328
2020-10-07,10668.96875,177.22000122070312,316.74127197265625,28.059999465942383
2020-10-08,10915.685546875,177.85000610351562,319.5483703613281,26.360000610351562
2020-10-09,11064.4580078125,181.0800018310547,322.4019775390625,25.0
2020-10-10,11296.361328125,181.0800018310547,322.4019775390625,25.0
2020-10-11,11384.181640625,181.0800018310547,322.4019775390625,25.0
2020-10-12,11555.36328125,180.55999755859375,327.5886535644531,25.06999969482422
2020-10-13,11425.8994140625,177.72000122070312,325.45074462890625,26.06999969482422
2020-10-14,11429.5068359375,178.27000427246094,323.40582275390625,26.399999618530273
2020-10-15,11495.349609375,178.9199981689453,323.0061340332031,26.969999313354492
2020-10-16,11322.123046875,178.3000030517578,322.8110046386719,27.40999984741211
2020-10-17,11358.1015625,178.3000030517578,322.8110046386719,27.40999984741211
2020-10-18,11483.359375,178.3000030517578,322.8110046386719,27.40999984741211
2020-10-19,11742.037109375,178.38999938964844,317.9032287597656,29.18000030517578
2020-10-20,11916.3349609375,179.25,319.1765441894531,29.350000381469727
2020-10-21,12823.689453125,180.60000610351562,318.5723876953125,28.649999618530273
2020-10-22,12965.8916015625,178.8300018310547,320.31982421875,28.110000610351562
2020-10-23,12931.5390625,178.63999938964844,321.407470703125,27.549999237060547
2020-10-24,13108.0625,178.63999938964844,321.407470703125,27.549999237060547
2020-10-25,13031.173828125,178.63999938964844,321.407470703125,27.549999237060547
2020-10-26,13075.248046875,178.5500030517578,315.4678039550781,32.459999084472656
2020-10-27,13654.21875,179.02000427246094,314.38031005859375,33.349998474121094
2020-10-28,13271.28515625,176.1300048828125,303.63507080078125,40.279998779296875
2020-10-29,13437.8828125,175.39999389648438,306.7210693359375,37.59000015258789
2020-10-30,13546.5224609375,176.1999969482422,303.5235595703125,38.02000045776367
2020-10-31,13780.9951171875,176.1999969482422,303.5235595703125,38.02000045776367
2020-11-01,13737.109375,176.1999969482422,303.5235595703125,38.02000045776367
2020-11-02,13550.4892578125,177.91000366210938,306.9256286621094,37.130001068115234
2020-11-03,13950.30078125,178.9199981689453,312.3446350097656,35.54999923706055
2020-11-04,14133.70703125,178.82000732421875,319.3253173828125,29.56999969482422
2020-11-05,15579.8486328125,182.92999267578125,325.5530700683594,27.579999923706055
2020-11-06,15565.880859375,183.19000244140625,325.4786071777344,24.860000610351562
2020-11-07,14833.75390625,183.19000244140625,325.4786071777344,24.860000610351562
2020-11-08,15479.5673828125,183.19000244140625,325.4786071777344,24.860000610351562
2020-11-09,15332.3154296875,175.0800018310547,329.56854248046875,25.75
2020-11-10,15290.90234375,175.66000366210938,329.0851745605469,24.799999237060547
2020-11-11,15701.33984375,174.89999389648438,331.5298767089844,23.450000762939453
2020-11-12,16276.34375,175.9600067138672,328.3136901855469,25.350000381469727
2020-11-13,16317.80859375,177.16000366210938,332.8590087890625,23.100000381469727
2020-11-14,16068.138671875,177.16000366210938,332.8590087890625,23.100000381469727
2020-11-15,15955.587890625,177.16000366210938,332.8590087890625,23.100000381469727
2020-11-16,16716.111328125,177.14999389648438,337.013916015625,22.450000762939453
2020-11-17,17645.40625,176.5,335.20135498046875,22.709999084472656
2020-11-18,17804.005859375,175.49000549316406,331.1673583984375,23.84000015258789
2020-11-19,17817.08984375,175.16000366210938,332.56158447265625,23.110000610351562
2020-11-20,18621.314453125,175.69000244140625,330.28424072265625,23.700000762939453
2020-11-21,18642.232421875,175.69000244140625,330.28424072265625,23.700000762939453
2020-11-22,18370.001953125,175.69000244140625,330.28424072265625,23.700000762939453
2020-11-23,18364.12109375,172.22999572753906,332.2641296386719,22.65999984741211
2020-11-24,19107.46484375,169.58999633789062,337.61810302734375,21.639999389648438
2020-11-25,18732.12109375,169.50999450683594,337.09765625,21.25
2020-11-26,17150.623046875,169.50999450683594,337.09765625,21.25
2020-11-27,17108.40234375,167.7899932861328,338.0364074707031,20.84000015258789
2020-11-28,17717.4140625,167.7899932861328,338.0364074707031,20.84000015258789
2020-11-29,18177.484375,167.7899932861328,338.0364074707031,20.84000015258789
2020-11-30,19625.8359375,166.6699981689453,336.5398864746094,20.56999969482422
2020-12-01,18802.998046875,170.17999267578125,340.2207946777344,20.770000457763672
2020-12-02,19201.091796875,171.4600067138672,340.9364929199219,21.170000076293945
2020-12-03,19445.3984375,172.80999755859375,340.84356689453125,21.280000686645508
2020-12-04,18699.765625,172.32000732421875,343.78082275390625,20.790000915527344
2020-12-05,19154.23046875,172.32000732421875,343.78082275390625,20.790000915527344
2020-12-06,19345.12109375,172.32000732421875,343.78082275390625,20.790000915527344
2020-12-07,19191.630859375,174.88999938964844,343.0743408203125,21.299999237060547
2020-12-08,18321.14453125,175.5,344.0782470703125,20.68000030517578
2020-12-09,18553.916015625,172.5,340.9923095703125,22.270000457763672
2020-12-10,18264.9921875,172.1699981689453,340.8807678222656,22.520000457763672
2020-12-11,18058.904296875,172.49000549316406,340.48101806640625,23.309999465942383
2020-12-12,18803.65625,172.49000549316406,340.48101806640625,23.309999465942383
2020-12-13,19142.3828125,172.49000549316406,340.48101806640625,23.309999465942383
2020-12-14,19246.64453125,171.5399932861328,338.9566345214844,24.719999313354492
2020-12-15,19417.076171875,173.94000244140625,343.53912353515625,22.889999389648438
2020-12-16,21310.59765625,174.89999389648438,344.0782470703125,22.5
2020-12-17,22805.162109375,176.74000549316406,346.00238037109375,21.93000030517578
2020-12-18,23137.9609375,176.44000244140625,344.62078857421875,21.56999969482422
2020-12-19,23869.83203125,176.44000244140625,344.62078857421875,21.56999969482422
2020-12-20,23477.294921875,176.44000244140625,344.62078857421875,21.56999969482422
2020-12-21,22803.08203125,175.8800048828125,343.38861083984375,25.15999984741211
2020-12-22,23783.029296875,174.49000549316406,342.80987548828125,24.229999542236328
2020-12-23,23241.345703125,175.64999389648438,343.1178894042969,23.309999465942383
2020-12-24,23735.94921875,176.35000610351562,344.45281982421875,21.530000686645508
2020-12-25,24664.791015625,176.35000610351562,344.45281982421875,21.530000686645508
2020-12-26,26437.037109375,176.35000610351562,344.45281982421875,21.530000686645508
2020-12-27,26272.294921875,176.35000610351562,344.45281982421875,21.530000686645508
2020-12-28,27084.80859375,175.7100067138672,347.411865234375,21.700000762939453
2020-12-29,27362.4375,176.35000610351562,346.74908447265625,23.079999923706055
2020-12-30,28840.953125,177.6999969482422,347.2438659667969,22.770000457763672
2020-12-31,29001.720703125,178.36000061035156,349.0081787109375,22.75
2021-01-01,29374.15234375,178.36000061035156,349.0081787109375,22.75
2021-01-02,32127.267578125,178.36000061035156,349.0081787109375,22.75
2021-01-03,32782.0234375,178.36000061035156,349.0081787109375,22.75
2021-01-04,31971.9140625,182.3300018310547,344.2566833496094,26.969999313354492
2021-01-05,33992.4296875,182.8699951171875,346.62774658203125,25.34000015258789
2021-01-06,36824.36328125,179.89999389648438,348.7000427246094,25.06999969482422
2021-01-07,39371.04296875,179.47999572753906,353.8808898925781,22.3700008392334
2021-01-08,40797.609375,173.33999633789062,355.897216796875,21.559999465942383
2021-01-09,40254.546875,173.33999633789062,355.897216796875,21.559999465942383
2021-01-10,38356.44140625,173.33999633789062,355.897216796875,21.559999465942383
2021-01-11,35566.65625,173.0,353.4981689453125,24.079999923706055
2021-01-12,33922.9609375,174.1199951171875,353.5727844238281,23.329999923706055
2021-01-13,37316.359375,173.3699951171875,354.5250244140625,22.209999084472656
2021-01-14,39187.328125,173.27999877929688,353.28338623046875,23.25
2021-01-15,36825.3671875,171.1300048828125,350.70709228515625,24.34000015258789
2021-01-16,36178.140625,171.1300048828125,350.70709228515625,24.34000015258789
2021-01-17,35791.27734375,171.1300048828125,350.70709228515625,24.34000015258789
2021-01-18,36630.07421875,171.1300048828125,350.70709228515625,24.34000015258789
2021-01-19,36069.8046875,172.5800018310547,353.4607849121094,23.239999771118164
2021-01-20,35547.75,175.38999938964844,358.35223388671875,21.579999923706055
2021-01-21,30825.69921875,175.27999877929688,358.67889404296875,21.31999969482422
2021-01-22,33005.76171875,173.89999389648438,357.409423828125,21.90999984741211
2021-01-23,32067.642578125,173.89999389648438,357.409423828125,21.90999984741211
2021-01-24,32289.37890625,173.89999389648438,357.409423828125,21.90999984741211
2021-01-25,32366.392578125,174.0500030517578,358.8190002441406,23.190000534057617
2021-01-26,32569.849609375,173.6199951171875,358.2588806152344,23.020000457763672
2021-01-27,30432.546875,172.52000427246094,349.5028991699219,37.209999084472656
2021-01-28,33466.09765625,172.67999267578125,352.5086975097656,30.209999084472656
2021-01-29,34316.38671875,172.61000061035156,345.45159912109375,33.09000015258789
2021-01-30,34269.5234375,172.61000061035156,345.45159912109375,33.09000015258789
2021-01-31,33114.359375,172.61000061035156,345.45159912109375,33.09000015258789
2021-02-01,33537.17578125,174.22999572753906,351.20184326171875,30.239999771118164
2021-02-02,35510.2890625,172.11000061035156,356.1678466796875,25.559999465942383
2021-02-03,37472.08984375,171.85000610351562,356.447998046875,22.90999984741211
2021-02-04,36926.06640625,168.14999389648438,360.4991760253906,21.770000457763672
2021-02-05,38144.30859375,169.80999755859375,361.9180603027344,20.8700008392334
2021-02-06,39266.01171875,169.80999755859375,361.9180603027344,20.8700008392334
2021-02-07,38903.44140625,169.80999755859375,361.9180603027344,20.8700008392334
2021-02-08,46196.46484375,171.52000427246094,364.5318603515625,21.239999771118164
2021-02-09,46481.10546875,172.0800018310547,364.2890625,21.6299991607666
2021-02-10,44918.18359375,172.7100067138672,364.1304016113281,21.989999771118164
2021-02-11,47909.33203125,171.2100067138672,364.7184753417969,21.25
2021-02-12,47504.8515625,170.69000244140625,366.5201721191406,19.969999313354492
2021-02-13,47105.515625,170.69000244140625,366.5201721191406,19.969999313354492
2021-02-14,48717.2890625,170.69000244140625,366.5201721191406,19.969999313354492
2021-02-15,47945.05859375,170.69000244140625,366.5201721191406,19.969999313354492
2021-02-16,49199.87109375,168.24000549316406,366.2027587890625,21.459999084472656
2021-02-17,52149.0078125,166.3300018310547,366.28680419921875,21.5
2021-02-18,51679.796875,166.32000732421875,364.72784423828125,22.489999771118164
2021-02-19,55888.1328125,167.00999450683594,364.0837707519531,22.049999237060547
2021-02-20,56099.51953125,167.00999450683594,364.0837707519531,22.049999237060547
2021-02-21,57539.9453125,167.00999450683594,364.0837707519531,22.049999237060547
2021-02-22,54207.3203125,169.50999450683594,361.2833557128906,23.450000762939453
2021-02-23,48824.42578125,169.1199951171875,361.7220764160156,23.110000610351562
2021-02-24,49705.33203125,169.0,365.7079772949219,21.34000015258789
2021-02-25,47093.8515625,165.82000732421875,356.8959655761719,28.889999389648438
2021-02-26,46339.76171875,161.80999755859375,355.05706787109375,27.950000762939453
2021-02-27,46188.453125,161.80999755859375,355.05706787109375,27.950000762939453
2021-02-28,45137.76953125,161.80999755859375,355.05706787109375,27.950000762939453
2021-03-01,49631.2421875,161.52999877929688,363.6636657714844,23.350000381469727
2021-03-02,48378.98828125,162.41000366210938,360.8259582519531,24.100000381469727
2021-03-03,50538.2421875,160.6199951171875,356.0465393066406,26.670000076293945
2021-03-04,48561.16796875,159.0399932861328,351.6405334472656,28.56999969482422
2021-03-05,48927.3046875,159.13999938964844,358.1095886230469,24.65999984741211
2021-03-06,48912.3828125,159.13999938964844,358.1095886230469,24.65999984741211
2021-03-07,51206.69140625,159.13999938964844,358.1095886230469,24.65999984741211
2021-03-08,52246.5234375,157.49000549316406,356.3265380859375,25.469999313354492
2021-03-09,54824.1171875,160.83999633789062,361.4140625,24.030000686645508
2021-03-10,56008.55078125,161.66000366210938,363.6636657714844,22.559999465942383
2021-03-11,57805.12109375,161.52000427246094,367.3509216308594,21.90999984741211
2021-03-12,57332.08984375,161.49000549316406,367.8455810546875,20.690000534057617
2021-03-13,61243.0859375,161.49000549316406,367.8455810546875,20.690000534057617
2021-03-14,59302.31640625,161.49000549316406,367.8455810546875,20.690000534057617
2021-03-15,55907.19921875,162.1999969482422,370.0393371582031,20.030000686645508
2021-03-16,56804.90234375,162.35000610351562,369.5726623535156,19.790000915527344
2021-03-17,58870.89453125,163.50999450683594,370.832763671875,19.229999542236328
2021-03-18,57858.921875,162.55999755859375,365.4372863769531,21.579999923706055
2021-03-19,58346.65234375,163.24000549316406,364.7611999511719,20.950000762939453
2021-03-20,58313.64453125,163.24000549316406,364.7611999511719,20.950000762939453
2021-03-21,57523.421875,163.24000549316406,364.7611999511719,20.950000762939453
2021-03-22,54529.14453125,163.0,367.6737365722656,18.8799991607666
2021-03-23,54738.9453125,161.80999755859375,364.77984619140625,20.299999237060547
2021-03-24,52774.265625,162.3699951171875,362.92547607421875,21.200000762939453
2021-03-25,51704.16015625,161.77999877929688,364.96722412109375,19.809999465942383
2021-03-26,55137.3125,162.24000549316406,370.8486328125,18.860000610351562
2021-03-27,55973.51171875,162.24000549316406,370.8486328125,18.860000610351562
2021-03-28,55950.74609375,162.24000549316406,370.8486328125,18.860000610351562
2021-03-29,57750.19921875,160.30999755859375,370.661376953125,20.739999771118164
2021-03-30,58917.69140625,157.57000732421875,369.6779479980469,19.610000610351562
2021-03-31,58918.83203125,159.9600067138672,371.1764221191406,19.399999618530273
2021-04-01,59095.80859375,161.97999572753906,375.184814453125,17.329999923706055
2021-04-02,59384.3125,161.97999572753906,375.184814453125,17.329999923706055
2021-04-03,57603.890625,161.97999572753906,375.184814453125,17.329999923706055
2021-04-04,58758.5546875,161.97999572753906,375.184814453125,17.329999923706055
2021-04-05,59057.87890625,161.9199981689453,380.5697937011719,17.90999984741211
2021-04-06,58192.359375,163.22000122070312,380.3450622558594,18.1200008392334
2021-04-07,56048.9375,162.75999450683594,380.78521728515625,17.15999984741211
2021-04-08,58323.953125,164.50999450683594,382.5927429199219,16.950000762939453
2021-04-09,58245.00390625,163.27000427246094,385.3742980957031,16.690000534057617
2021-04-10,59793.234375,163.27000427246094,385.3742980957031,16.690000534057617
2021-04-11,60204.96484375,163.27000427246094,385.3742980957031,16.690000534057617
2021-04-12,59893.453125,162.27999877929688,385.5147705078125,16.90999984741211
2021-04-13,63503.45703125,163.42999267578125,386.6572265625,16.649999618530273
2021-04-14,63109.6953125,162.72000122070312,385.3367919921875,16.989999771118164
2021-04-15,63314.01171875,165.35000610351562,389.4763488769531,16.56999969482422
2021-04-16,61572.7890625,166.35000610351562,390.7780456542969,16.25
2021-04-17,60683.8203125,166.35000610351562,390.7780456542969,16.25
2021-04-18,56216.18359375,166.35000610351562,390.7780456542969,16.25
2021-04-19,55724.265625,165.88999938964844,388.8581237792969,17.290000915527344
2021-04-20,56473.03125,166.47999572753906,386.0111083984375,18.68000030517578
2021-04-21,53906.08984375,168.1300048828125,389.66357421875,17.5
2021-04-22,51762.2734375,167.0399932861328,386.1047058105469,18.709999084472656
2021-04-23,51093.65234375,166.39999389648438,390.2909851074219,17.329999923706055
2021-04-24,50050.8671875,166.39999389648438,390.2909851074219,17.329999923706055
2021-04-25,49004.25390625,166.39999389648438,390.2909851074219,17.329999923706055
2021-04-26,54021.75390625,166.83999633789062,391.1058349609375,17.639999389648438
2021-04-27,55033.1171875,166.4199981689453,391.0215759277344,17.559999465942383
2021-04-28,54824.703125,166.91000366210938,390.9091796875,17.280000686645508
2021-04-29,53555.109375,166.22000122070312,393.400390625,17.610000610351562
2021-04-30,57750.17578125,165.66000366210938,390.8154602050781,18.610000610351562
2021-05-01,57828.05078125,165.66000366210938,390.8154602050781,18.610000610351562
2021-05-02,56631.078125,165.66000366210938,390.8154602050781,18.610000610351562
2021-05-03,57200.29296875,167.80999755859375,391.6584167480469,18.309999465942383
2021-05-04,53333.5390625,166.5800018310547,389.24212646484375,19.479999542236328
2021-05-05,57424.0078125,167.27000427246094,389.3638916015625,19.149999618530273
2021-05-06,56396.515625,170.05999755859375,392.4731750488281,18.389999389648438
2021-05-07,57356.40234375,171.58999633789062,395.32958984375,16.690000534057617
2021-05-08,58803.77734375,171.58999633789062,395.32958984375,16.690000534057617
2021-05-09,58232.31640625,171.58999633789062,395.32958984375,16.690000534057617
2021-05-10,55859.796875,172.11000061035156,391.41485595703125,19.65999984741211
2021-05-11,56704.57421875,172.13999938964844,387.9216003417969,21.84000015258789
2021-05-12,49150.53515625,170.42999267578125,379.68017578125,27.59000015258789
2021-05-13,49716.19140625,171.1300048828125,384.2410583496094,23.1299991607666
2021-05-14,49880.53515625,172.69000244140625,390.1411437988281,18.809999465942383
2021-05-15,46760.1875,172.69000244140625,390.1411437988281,18.809999465942383
2021-05-16,46456.05859375,172.69000244140625,390.1411437988281,18.809999465942383
2021-05-17,43537.51171875,174.6999969482422,389.1484375,19.719999313354492
2021-05-18,42909.40234375,175.0399932861328,385.79571533203125,21.34000015258789
2021-05-19,37002.44140625,175.16000366210938,384.7842102050781,22.18000030517578
2021-05-20,40782.73828125,175.9600067138672,388.9237060546875,20.670000076293945
2021-05-21,37304.69140625,176.0399932861328,388.6053161621094,20.149999618530273
2021-05-22,37536.6328125,176.0399932861328,388.6053161621094,20.149999618530273
2021-05-23,34770.58203125,176.0399932861328,388.6053161621094,20.149999618530273
2021-05-24,38705.98046875,176.35000610351562,392.5668640136719,18.399999618530273
2021-05-25,38402.22265625,177.9499969482422,391.69586181640625,18.84000015258789
2021-05-26,39294.19921875,177.63999938964844,392.4731750488281,17.360000610351562
2021-05-27,38436.96875,177.7100067138672,392.6791687011719,16.739999771118164
2021-05-28,35697.60546875,178.3800048828125,393.381591796875,16.760000228881836
2021-05-29,34616.06640625,178.3800048828125,393.381591796875,16.760000228881836
2021-05-30,35678.12890625,178.3800048828125,393.381591796875,16.760000228881836
2021-05-31,37332.85546875,178.3800048828125,393.381591796875,16.760000228881836
2021-06-01,36684.92578125,177.89999389648438,393.03509521484375,17.899999618530273
2021-06-02,37575.1796875,178.77000427246094,393.6531982421875,17.479999542236328
2021-06-03,39208.765625,175.27000427246094,392.19219970703125,18.040000915527344
2021-06-04,36894.40625,177.16000366210938,395.7791442871094,16.420000076293945
2021-06-05,35551.95703125,177.16000366210938,395.7791442871094,16.420000076293945
2021-06-06,35862.37890625,177.16000366210938,395.7791442871094,16.420000076293945
2021-06-07,33560.70703125,177.8699951171875,395.395263671875,16.420000076293945
2021-06-08,33472.6328125,177.32000732421875,395.47943115234375,17.06999969482422
2021-06-09,37345.12109375,176.97999572753906,394.8893737792969,17.889999389648438
2021-06-10,36702.59765625,177.74000549316406,396.7249755859375,16.100000381469727
2021-06-11,37334.3984375,175.74000549316406,397.380615234375,15.649999618530273
2021-06-12,35552.515625,175.74000549316406,397.380615234375,15.649999618530273
2021-06-13,39097.859375,175.74000549316406,397.380615234375,15.649999618530273
2021-06-14,40218.4765625,174.7100067138672,398.2702941894531,16.389999389648438
2021-06-15,40406.26953125,174.0500030517578,397.53985595703125,17.020000457763672
2021-06-16,38347.0625,171.11000061035156,395.32012939453125,18.149999618530273
2021-06-17,38053.50390625,165.85000610351562,395.1891174316406,17.75
2021-06-18,35787.24609375,164.92999267578125,389.85791015625,20.700000762939453
2021-06-19,35615.87109375,164.92999267578125,389.85791015625,20.700000762939453
2021-06-20,35698.296875,164.92999267578125,389.85791015625,20.700000762939453
2021-06-21,31676.693359375,166.9499969482422,395.43902587890625,17.889999389648438
2021-06-22,32505.66015625,166.25,397.5531005859375,16.65999984741211
2021-06-23,33723.02734375,166.13999938964844,397.073974609375,16.31999969482422
2021-06-24,34662.4375,166.0399932861328,399.4229736328125,15.970000267028809
2021-06-25,31637.779296875,166.58999633789062,400.8417053222656,15.619999885559082
2021-06-26,32186.27734375,166.58999633789062,400.8417053222656,15.619999885559082
2021-06-27,34649.64453125,166.58999633789062,400.8417053222656,15.619999885559082
2021-06-28,34434.3359375,166.5800018310547,401.6498107910156,15.760000228881836
2021-06-29,35867.77734375,164.8300018310547,401.865966796875,16.020000457763672
2021-06-30,35040.8359375,165.6300048828125,402.2041931152344,15.829999923706055
